{"stats":{"minecraft:broken":{"minecraft:stone_pickaxe":1,"minecraft:wooden_pickaxe":1},"minecraft:crafted":{"minecraft:wooden_sword":1,"minecraft:wooden_shovel":1,"minecraft:crafting_table":1,"minecraft:stick":16,"minecraft:wooden_pickaxe":1,"minecraft:stone_pickaxe":2,"minecraft:wooden_axe":1,"minecraft:birch_pressure_plate":1,"minecraft:birch_planks":28,"minecraft:torch":20,"minecraft:stone_axe":1},"minecraft:custom":{"minecraft:time_since_rest":48658,"minecraft:interact_with_furnace":1,"minecraft:sprint_one_cm":15353,"minecraft:damage_taken":70,"minecraft:walk_one_cm":83667,"minecraft:damage_dealt":20,"minecraft:interact_with_crafting_table":4,"minecraft:fly_one_cm":6184,"minecraft:crouch_one_cm":2243,"minecraft:play_time":48658,"minecraft:sneak_time":836,"minecraft:walk_under_water_one_cm":1196,"minecraft:jump":193,"minecraft:leave_game":1,"minecraft:walk_on_water_one_cm":857,"minecraft:time_since_death":48658,"minecraft:total_world_time":48658,"minecraft:fall_one_cm":962},"minecraft:picked_up":{"minecraft:birch_log":26,"born_in_chaos_v1:corpse_maggot":1,"minecraft:stick":4,"minecraft:crafting_table":2,"minecraft:andesite":6,"minecraft:torch":91,"minecraft:gravel":9,"minecraft:flint":2,"minecraft:oak_log":15,"minecraft:dirt":1,"minecraft:coal":16,"minecraft:cobblestone":157},"minecraft:mined":{"minecraft:birch_log":26,"minecraft:birch_leaves":4,"minecraft:andesite":11,"minecraft:crafting_table":2,"minecraft:oak_log":15,"minecraft:coal_ore":19,"minecraft:gravel":15,"minecraft:cobblestone":5,"minecraft:stone":160,"minecraft:oak_leaves":9,"minecraft:wall_torch":1},"minecraft:used":{"born_in_chaos_v1:corpse_maggot":1,"minecraft:wooden_axe":48,"minecraft:stone_pickaxe":136,"minecraft:wooden_pickaxe":59,"minecraft:gravel":8,"minecraft:wooden_shovel":15,"minecraft:torch":105,"minecraft:dirt":1,"minecraft:cobblestone":46,"minecraft:crafting_table":3}},"DataVersion":3465}