{"stats":{"minecraft:mined":{"minecraft:grass":4,"minecraft:grass_block":4,"minecraft:oak_log":2,"minecraft:dirt":1,"minecraft:oak_leaves":7},"minecraft:killed_by":{"minecraft:player":1,"born_in_chaos_v1:corpse_fish":1},"minecraft:dropped":{"minecraft:wheat_seeds":1,"minecraft:deepslate_brick_slab":5,"man:cassette_1safetyinstructions":1},"minecraft:used":{"minecraft:oak_log":1,"born_in_chaos_v1:ethereal_spirit":15,"minecraft:polished_basalt":4,"minecraft:dirt":4,"minecraft:mutton":4,"minecraft:spruce_fence":1,"minecraft:polished_diorite":2},"minecraft:crafted":{"minecraft:oak_planks":4},"minecraft:custom":{"minecraft:time_since_rest":15016,"minecraft:sprint_one_cm":37205,"minecraft:damage_taken":596,"minecraft:walk_one_cm":20338,"minecraft:drop":3,"minecraft:damage_dealt":295,"minecraft:swim_one_cm":2081,"minecraft:fly_one_cm":26284,"minecraft:player_kills":2,"minecraft:crouch_one_cm":2533,"minecraft:play_time":25252,"minecraft:deaths":2,"minecraft:sneak_time":706,"minecraft:walk_under_water_one_cm":736,"minecraft:interact_with_lectern":1,"minecraft:jump":212,"minecraft:walk_on_water_one_cm":4939,"minecraft:time_since_death":14383,"minecraft:climb_one_cm":648,"minecraft:total_world_time":25252,"minecraft:fall_one_cm":6839},"minecraft:picked_up":{"minecraft:stick":7,"minecraft:crafting_table":1,"minecraft:ladder":5,"minecraft:deepslate_brick_wall":1,"minecraft:brown_wool":1,"minecraft:leather":2,"born_in_chaos_v1:ethereal_spirit":1,"minecraft:spruce_fence":1,"minecraft:oak_log":11,"minecraft:spruce_log":5,"minecraft:polished_deepslate":3,"minecraft:dirt":7,"man:cassette_1safetyinstructions":2,"minecraft:smooth_stone_slab":5,"minecraft:polished_andesite":1,"minecraft:bone":2,"minecraft:gray_carpet":2,"minecraft:stone_axe":1,"minecraft:polished_diorite":2,"minecraft:smooth_stone":2,"minecraft:wheat_seeds":1,"minecraft:deepslate_brick_slab":5,"minecraft:polished_basalt":6,"minecraft:beef":6,"minecraft:stone_pickaxe":1,"minecraft:calcite":2,"minecraft:oak_sapling":1,"minecraft:mutton":4,"minecraft:oak_planks":9,"minecraft:white_wool":1,"minecraft:cobblestone":7}},"DataVersion":3465}