{"stats":{"minecraft:dropped":{"minecraft:wheat_seeds":1,"minecraft:deepslate_brick_slab":5,"man:cassette_1safetyinstructions":1},"minecraft:custom":{"minecraft:time_since_rest":11209,"minecraft:sprint_one_cm":34553,"minecraft:damage_taken":596,"minecraft:walk_one_cm":18899,"minecraft:drop":3,"minecraft:damage_dealt":257,"minecraft:swim_one_cm":2081,"minecraft:player_kills":1,"minecraft:fly_one_cm":23461,"minecraft:crouch_one_cm":2533,"minecraft:play_time":21445,"minecraft:deaths":2,"minecraft:sneak_time":706,"minecraft:walk_under_water_one_cm":736,"minecraft:interact_with_lectern":1,"minecraft:jump":183,"minecraft:time_since_death":10576,"minecraft:walk_on_water_one_cm":4939,"minecraft:total_world_time":21445,"minecraft:climb_one_cm":434,"minecraft:fall_one_cm":5676},"minecraft:used":{"minecraft:oak_log":1,"minecraft:polished_basalt":4,"minecraft:dirt":4,"minecraft:spruce_fence":1,"minecraft:polished_diorite":2},"minecraft:crafted":{"minecraft:oak_planks":4},"minecraft:picked_up":{"minecraft:stick":5,"minecraft:ladder":5,"minecraft:deepslate_brick_wall":1,"minecraft:spruce_fence":1,"minecraft:oak_log":2,"minecraft:spruce_log":5,"minecraft:polished_deepslate":3,"minecraft:dirt":7,"man:cassette_1safetyinstructions":2,"minecraft:smooth_stone_slab":5,"minecraft:polished_diorite":2,"minecraft:wheat_seeds":1,"minecraft:deepslate_brick_slab":5,"minecraft:smooth_stone":2,"minecraft:polished_basalt":6,"minecraft:oak_sapling":1},"minecraft:mined":{"minecraft:grass":4,"minecraft:grass_block":4,"minecraft:oak_log":2,"minecraft:dirt":1,"minecraft:oak_leaves":7},"minecraft:killed_by":{"minecraft:player":1,"born_in_chaos_v1:corpse_fish":1}},"DataVersion":3465}