{"stats":{"minecraft:crafted":{"minecraft:oak_planks":28,"minecraft:crafting_table":1,"minecraft:wooden_pickaxe":1,"minecraft:bucket":1,"minecraft:stone_axe":1,"minecraft:air":0,"minecraft:oak_boat":1,"minecraft:stick":24,"minecraft:iron_ingot":3,"minecraft:stone_pickaxe":2,"minecraft:stone_sword":1,"minecraft:torch":44,"minecraft:stone_hoe":1},"minecraft:custom":{"minecraft:interact_with_furnace":9,"minecraft:mob_kills":9,"minecraft:interact_with_crafting_table":8,"minecraft:damage_dealt_resisted":2,"minecraft:leave_game":3,"minecraft:time_since_death":24664,"minecraft:time_since_rest":24785,"minecraft:sprint_one_cm":110250,"minecraft:damage_taken":936,"minecraft:walk_one_cm":80817,"minecraft:drop":6,"minecraft:damage_dealt":975,"minecraft:swim_one_cm":2154,"minecraft:fly_one_cm":81394,"minecraft:crouch_one_cm":24181,"minecraft:play_time":51096,"minecraft:deaths":3,"minecraft:sneak_time":7445,"minecraft:walk_under_water_one_cm":863,"minecraft:boat_one_cm":116640,"minecraft:jump":596,"minecraft:walk_on_water_one_cm":1236,"minecraft:total_world_time":51096,"minecraft:fall_one_cm":15571},"minecraft:killed_by":{"man:managgresive":1,"undead_revamp2:therod":1,"minecraft:skeleton":1},"minecraft:picked_up":{"born_in_chaos_v1:corpse_maggot":2,"minecraft:crafting_table":2,"minecraft:andesite":3,"minecraft:oak_log":52,"minecraft:shield":1,"minecraft:lapis_lazuli":8,"minecraft:dirt":18,"minecraft:raw_copper":3,"minecraft:wheat_seeds":7,"minecraft:iron_ingot":1,"minecraft:oak_planks":1,"minecraft:furnace":1,"biomesoplenty:toadstool":1,"minecraft:stick":4,"minecraft:raw_iron":3,"minecraft:cooked_porkchop":1,"minecraft:pumpkin":4,"minecraft:torch":1,"minecraft:gravel":4,"minecraft:porkchop":3,"minecraft:spruce_log":1,"minecraft:rotten_flesh":4,"minecraft:carved_pumpkin":1,"minecraft:jack_o_lantern":2,"minecraft:oak_sapling":3,"minecraft:coal":25,"minecraft:cobblestone":156},"minecraft:killed":{"fight_or_die:springer":2,"minecraft:pig":2,"born_in_chaos_v1:corpse_fly":5},"minecraft:broken":{"minecraft:stone_pickaxe":1},"minecraft:used":{"minecraft:wheat_seeds":7,"minecraft:water_bucket":16,"minecraft:jack_o_lantern":1,"minecraft:stone_sword":17,"minecraft:stone_pickaxe":206,"minecraft:oak_planks":1,"minecraft:wooden_pickaxe":11,"minecraft:stone_hoe":12,"minecraft:rotten_flesh":2,"minecraft:torch":16,"minecraft:dirt":17,"minecraft:crafting_table":3,"born_in_chaos_v1:corpse_maggot":1,"minecraft:gravel":1,"minecraft:stone_axe":65,"minecraft:cobblestone":28,"minecraft:oak_sapling":3,"minecraft:porkchop":3,"minecraft:cooked_porkchop":1,"minecraft:bucket":17,"minecraft:oak_boat":1},"minecraft:dropped":{"minecraft:oak_log":3,"minecraft:rotten_flesh":2,"minecraft:oak_planks":4,"born_in_chaos_v1:corpse_maggot":1},"minecraft:mined":{"minecraft:jack_o_lantern":2,"minecraft:carved_pumpkin":1,"minecraft:crafting_table":2,"minecraft:grass_block":9,"minecraft:cobblestone":43,"biomesoplenty:sprout":3,"minecraft:lapis_ore":1,"minecraft:oak_planks":1,"minecraft:wall_torch":1,"minecraft:iron_ore":3,"minecraft:andesite":5,"minecraft:pumpkin":4,"minecraft:grass":36,"minecraft:oak_log":50,"minecraft:coal_ore":22,"minecraft:gravel":5,"minecraft:dirt":17,"minecraft:stone":129,"minecraft:oak_leaves":11}},"DataVersion":3465}