{"stats":{"minecraft:broken":{"minecraft:stone_pickaxe":1,"minecraft:stone_axe":1},"minecraft:killed":{"fight_or_die:springer":3,"minecraft:pig":1,"born_in_chaos_v1:restless_spirit":1,"born_in_chaos_v1:baby_skeleton":3,"born_in_chaos_v1:door_knight_not_despawn":1,"minecraft:spider":3,"born_in_chaos_v1:thornshell_crab":2,"born_in_chaos_v1:siamese_skeletonsright":1,"minecraft:creeper":2,"born_in_chaos_v1:decrepit_skeleton":3,"minecraft:sheep":14,"fight_or_die:shiller":2,"minecraft:zombie":8,"born_in_chaos_v1:corpse_fly":2,"undead_revamp2:thebidy":6,"minecraft:drowned":1,"endofherobrine:cow":1,"born_in_chaos_v1:siamese_skeletonsleft":1,"minecraft:cow":5},"minecraft:crafted":{"minecraft:cooked_beef":7,"biomesoplenty:umbran_planks":28,"minecraft:oak_planks":20,"minecraft:cooked_porkchop":1,"minecraft:crafting_table":3,"minecraft:wooden_pickaxe":1,"minecraft:furnace":2,"minecraft:dark_oak_trapdoor":2,"minecraft:stone_axe":1,"minecraft:cooked_mutton":9,"minecraft:air":0,"minecraft:oak_boat":1,"minecraft:shield":2,"minecraft:iron_axe":1,"minecraft:stick":12,"minecraft:iron_ingot":8,"minecraft:stone_pickaxe":2,"minecraft:white_bed":1,"minecraft:dark_oak_planks":28,"minecraft:torch":8},"minecraft:custom":{"minecraft:interact_with_furnace":45,"minecraft:mob_kills":61,"minecraft:interact_with_crafting_table":12,"minecraft:open_barrel":12,"minecraft:damage_dealt_resisted":90,"minecraft:leave_game":2,"minecraft:time_since_death":9168,"minecraft:sleep_in_bed":2,"minecraft:time_since_rest":8354,"minecraft:sprint_one_cm":142729,"minecraft:damage_taken":1929,"minecraft:walk_one_cm":82547,"minecraft:damage_blocked_by_shield":1110,"minecraft:drop":13,"minecraft:damage_dealt":9743,"minecraft:swim_one_cm":11140,"minecraft:fly_one_cm":142910,"minecraft:open_chest":10,"minecraft:crouch_one_cm":15428,"minecraft:play_time":52520,"minecraft:deaths":3,"minecraft:sneak_time":6145,"minecraft:walk_under_water_one_cm":10825,"minecraft:boat_one_cm":5670,"minecraft:jump":924,"minecraft:walk_on_water_one_cm":15438,"minecraft:total_world_time":52690,"minecraft:fall_one_cm":32446},"minecraft:dropped":{"biomesoplenty:toadstool":1,"minecraft:wheat_seeds":1,"minecraft:cooked_porkchop":1,"minecraft:rotten_flesh":3,"man:cassette_1safetyinstructions":1,"minecraft:red_mushroom":1,"minecraft:shield":1,"minecraft:chain":2,"minecraft:pumpkin":8,"minecraft:wooden_pickaxe":1},"minecraft:picked_up":{"born_in_chaos_v1:fused_bone":2,"minecraft:crafting_table":4,"fight_or_die:springer_fragment":1,"minecraft:andesite":62,"minecraft:brown_wool":1,"minecraft:leather":3,"minecraft:red_mushroom":1,"minecraft:wither_rose":12,"minecraft:oak_log":23,"minecraft:chain":2,"minecraft:gunpowder":1,"minecraft:dirt":19,"minecraft:string":3,"minecraft:raw_copper":24,"man:cassette_1safetyinstructions":2,"minecraft:bone":4,"minecraft:wheat_seeds":1,"minecraft:bucket":1,"minecraft:beef":8,"minecraft:oak_boat":1,"minecraft:light_gray_wool":1,"biomesoplenty:umbran_log":8,"minecraft:oak_planks":5,"minecraft:furnace":5,"biomesoplenty:toadstool":1,"minecraft:raw_iron":8,"minecraft:pumpkin":8,"minecraft:porkchop":1,"minecraft:spider_eye":1,"minecraft:dark_oak_log":7,"minecraft:mossy_cobblestone":1,"minecraft:rotten_flesh":12,"born_in_chaos_v1:spiny_shell":7,"born_in_chaos_v1:rotten_fish":1,"minecraft:oak_sapling":1,"minecraft:black_wool":1,"minecraft:mutton":22,"minecraft:coal":40,"minecraft:white_wool":11,"minecraft:cobblestone":196},"minecraft:killed_by":{"minecraft:creeper":1,"minecraft:illusioner":1},"minecraft:mined":{"biomesoplenty:orange_autumn_leaves":1,"minecraft:mossy_cobblestone":2,"minecraft:dark_oak_log":7,"minecraft:crafting_table":4,"minecraft:copper_ore":9,"minecraft:cobblestone":17,"biomesoplenty:sprout":1,"biomesoplenty:dead_grass":1,"minecraft:oak_planks":1,"minecraft:red_mushroom":1,"minecraft:spawner":3,"minecraft:furnace":6,"biomesoplenty:toadstool":2,"minecraft:iron_ore":8,"minecraft:fire":1,"minecraft:andesite":51,"minecraft:pumpkin":8,"biomesoplenty:umbran_log":8,"minecraft:wither_rose":13,"minecraft:grass":2,"minecraft:coal_ore":19,"minecraft:oak_log":22,"minecraft:sand":6,"minecraft:dirt":11,"minecraft:stone":181,"minecraft:oak_leaves":8,"minecraft:fern":1},"minecraft:used":{"minecraft:cooked_mutton":9,"minecraft:stone_pickaxe":252,"minecraft:shield":45,"minecraft:wooden_pickaxe":51,"minecraft:torch":8,"minecraft:mossy_cobblestone":1,"minecraft:dirt":4,"minecraft:crafting_table":7,"minecraft:white_bed":1,"minecraft:iron_axe":94,"minecraft:stone_axe":83,"minecraft:cobblestone":14,"born_in_chaos_v1:rotten_fish":1,"minecraft:oak_sapling":1,"minecraft:furnace":6,"minecraft:oak_boat":1,"minecraft:cooked_beef":5}},"DataVersion":3465}