{"stats":{"minecraft:mined":{"minecraft:crafting_table":1,"minecraft:grass":4,"minecraft:grass_block":1,"minecraft:oak_log":14,"minecraft:dirt":7,"minecraft:stone":13,"minecraft:oak_leaves":7},"minecraft:killed_by":{"minecraft:player":2,"minecraft:skeleton":1,"apollyon:the_infector":1},"minecraft:killed":{"minecraft:sheep":2,"minecraft:skeleton":2,"fight_or_die:springer":3,"born_in_chaos_v1:restless_spirit":1,"minecraft:cow":2},"minecraft:used":{"minecraft:wooden_pickaxe":18,"minecraft:dirt":5,"minecraft:crafting_table":1,"minecraft:stone_axe":30},"minecraft:dropped":{"minecraft:polished_diorite":2,"minecraft:wheat_seeds":2,"man:cassette_1safetyinstructions":1,"minecraft:arrow":2,"minecraft:wooden_pickaxe":1},"minecraft:crafted":{"minecraft:oak_planks":20,"minecraft:crafting_table":1,"minecraft:stick":8,"minecraft:wooden_pickaxe":1,"minecraft:stone_pickaxe":1,"minecraft:stone_axe":1},"minecraft:custom":{"minecraft:time_since_rest":3640,"minecraft:sprint_one_cm":77658,"minecraft:damage_taken":979,"minecraft:walk_one_cm":46882,"minecraft:mob_kills":10,"minecraft:drop":8,"minecraft:damage_dealt":1841,"minecraft:interact_with_crafting_table":2,"minecraft:fly_one_cm":46975,"minecraft:player_kills":1,"minecraft:crouch_one_cm":1198,"minecraft:play_time":28463,"minecraft:deaths":4,"minecraft:sneak_time":603,"minecraft:interact_with_lectern":3,"minecraft:jump":262,"minecraft:leave_game":2,"minecraft:time_since_death":3398,"minecraft:total_world_time":28463,"minecraft:climb_one_cm":606,"minecraft:fall_one_cm":9952},"minecraft:picked_up":{"minecraft:book":6,"minecraft:charcoal":4,"minecraft:crafting_table":2,"minecraft:stick":2,"minecraft:brown_wool":1,"minecraft:leather":2,"born_in_chaos_v1:ethereal_spirit":2,"minecraft:oak_log":16,"minecraft:polished_deepslate":11,"minecraft:dirt":5,"man:cassette_1safetyinstructions":1,"minecraft:smooth_stone_slab":4,"minecraft:bone":3,"minecraft:arrow":2,"minecraft:oak_sign":2,"minecraft:gray_carpet":2,"minecraft:stone_axe":1,"minecraft:polished_diorite":2,"minecraft:wheat_seeds":2,"minecraft:soul_lantern":1,"minecraft:deepslate_brick_slab":12,"minecraft:smooth_stone":4,"minecraft:polished_basalt":8,"minecraft:beef":6,"minecraft:stone_pickaxe":1,"minecraft:calcite":2,"minecraft:oak_sapling":1,"minecraft:deepslate_brick_stairs":3,"minecraft:mutton":4,"minecraft:oak_planks":9,"minecraft:white_wool":1,"minecraft:cobblestone":20}},"DataVersion":3465}