{"stats":{"minecraft:broken":{"minecraft:stone_pickaxe":2},"minecraft:crafted":{"minecraft:oak_planks":188,"minecraft:stone_shovel":1,"minecraft:crafting_table":1,"minecraft:stick":32,"minecraft:wooden_pickaxe":1,"minecraft:stone_pickaxe":3,"minecraft:stone_sword":1,"minecraft:furnace":1,"minecraft:torch":76,"minecraft:stone_axe":1},"minecraft:custom":{"minecraft:time_since_rest":48876,"minecraft:sprint_one_cm":24898,"minecraft:damage_taken":20,"minecraft:walk_one_cm":120572,"minecraft:interact_with_crafting_table":7,"minecraft:fly_one_cm":9698,"minecraft:crouch_one_cm":478,"minecraft:play_time":48876,"minecraft:sneak_time":191,"minecraft:jump":263,"minecraft:leave_game":1,"minecraft:time_since_death":48876,"minecraft:total_world_time":48876,"minecraft:fall_one_cm":2576},"minecraft:picked_up":{"minecraft:stick":2,"minecraft:crafting_table":3,"minecraft:andesite":26,"minecraft:torch":7,"biomesoplenty:orange_autumn_sapling":1,"minecraft:gravel":8,"minecraft:oak_log":59,"minecraft:diorite":2,"minecraft:dirt":6,"minecraft:granite":1,"minecraft:oak_sapling":3,"minecraft:birch_sapling":2,"minecraft:coal":61,"minecraft:cobblestone":320},"minecraft:mined":{"minecraft:andesite":30,"minecraft:crafting_table":3,"minecraft:granite":1,"minecraft:oak_log":59,"minecraft:coal_ore":60,"minecraft:dirt":7,"minecraft:cobblestone":3,"minecraft:stone":304,"minecraft:diorite":2,"minecraft:oak_leaves":9,"minecraft:wall_torch":3},"minecraft:used":{"minecraft:stone_shovel":7,"minecraft:stone_pickaxe":394,"minecraft:oak_planks":2,"minecraft:wooden_pickaxe":9,"minecraft:stone_axe":60,"minecraft:torch":30,"minecraft:cobblestone":27,"minecraft:crafting_table":3,"minecraft:furnace":1}},"DataVersion":3465}